,Brand Name,Name of the Product,Price,Return/Exchange,Expected Delivery,Availability,Product URL
0,Visit the boAt Store,boAt Bassheads 100 in Ear Wired Earphones with Mic(Furious Red),349,7 Days Replacement,"Friday, May 27",In stock.,https://www.amazon.in/Boat-BassHeads-100-Inspired-Earphones/dp/B07GQD4K6L/ref=sr_1_1_sspa?keywords=earphones&qid=1653389827&sr=8-1-spons&spLa=ZW5jcnlwdGVkUXVhbGlmaWVyPUEyTFpZVjRYMFk0U04xJmVuY3J5cHRlZElkPUEwNDY2MDU0MlRIMFdJWFJEMVo3RiZlbmNyeXB0ZWRBZElkPUEwMTc2NDgzMk5MRFlTTVIzRUs5SyZ3aWRnZXROYW1lPXNwX2F0ZiZhY3Rpb249Y2xpY2tSZWRpcmVjdCZkb05vdExvZ0NsaWNrPXRydWU&th=1
1,Visit the boAt Store,"Boat Airdopes 141 42H Playtime, Beast Mode Enx Tech, ASAP Charge, Iwp, Ipx4 Water Resistance, Smooth Touch Controls Bluetooth Truly Wireless in Ear Earbuds with Mic (Bold Black)","1,499",7 Days Replacement,"Friday, May 27",In stock.,https://www.amazon.in/Airdopes-141-Playtime-Resistance-Bluetooth/dp/B09N3ZNHTY/ref=sr_1_2_sspa?keywords=earphones&qid=1653389827&sr=8-2-spons&spLa=ZW5jcnlwdGVkUXVhbGlmaWVyPUEyTFpZVjRYMFk0U04xJmVuY3J5cHRlZElkPUEwNDY2MDU0MlRIMFdJWFJEMVo3RiZlbmNyeXB0ZWRBZElkPUEwODY0NjA5M1M5U0taWEUzVkRYNCZ3aWRnZXROYW1lPXNwX2F0ZiZhY3Rpb249Y2xpY2tSZWRpcmVjdCZkb05vdExvZ0NsaWNrPXRydWU&th=1
2,Visit the boAt Store,boAt Bassheads 100 in Ear Wired Earphones with Mic(Furious Red),349,7 Days Replacement,"Friday, May 27",In stock.,https://www.amazon.in/Boat-BassHeads-100-Inspired-Earphones/dp/B07GQD4K6L/ref=sr_1_3?keywords=earphones&qid=1653389827&sr=8-3&th=1
3,Brand: WORRICOW,"WORRICOW Best Buy Earphones Wired in-Ear Earbuds w/Mic, Noise Cancelling Sports Earphones Compatible with All 3.5 mm Jack Mobile Phone",199,-,"Monday, May 30",In stock.,https://www.amazon.in/WORRICOW-Earphones-Earbuds-Cancelling-Compatible/dp/B0B21GRHQY/ref=sr_1_omk_4?keywords=earphones&qid=1653389827&sr=8-4
4,Visit the JBL Store,"JBL C100SI Wired In Ear Headphones with Mic, JBL Pure Bass Sound, One Button Multi-function Remote, Angled Buds for Comfort fit (Black)",-,7 Days Replacement,"Friday, May 27",,https://www.amazon.in/JBL-C100SI-Ear-Headphones-Black/dp/B01DEWVZ2C/ref=sr_1_5?keywords=earphones&qid=1653389827&smid=A14CZOWI0VEHLG&sr=8-5
5,Visit the ZEBRONICS Store,"ZEBRONICS Zeb-Bro in Ear Wired Earphones with Mic, 3.5mm Audio Jack, 10mm Drivers, Phone/Tablet Compatible.(Red)",-,7 Days Replacement,"Friday, May 27",In stock.,https://www.amazon.in/ZEBRONICS-Zeb-Bro-Earphones-Drivers-Compatible/dp/B09PV1DFNJ/ref=sr_1_6?keywords=earphones&qid=1653389827&sr=8-6
6,Visit the boAt Store,boAt Bassheads 152 in Ear Wired Earphones with Mic(Jazzy Blue),499,7 Days Replacement,"Friday, May 27",In stock.,https://www.amazon.in/BassHeads-152-Secure-Braided-Earphones/dp/B07KY3K2YG/ref=sr_1_7?keywords=earphones&qid=1653389827&sr=8-7&th=1
7,Visit the Ambrane Store,"Ambrane Stringz 38 Wired Earphones with Mic, Powerful HD Sound with High Bass, Tangle Free Cable, Comfort in-Ear Fit, 3.5mm Jack (Green), Normal",-,7 Days Replacement,"Friday, May 27",In stock.,https://www.amazon.in/Ambrane-Stringz-Earphones-Powerful-Comfort/dp/B08V58PTDC/ref=sr_1_8?keywords=earphones&qid=1653389827&sr=8-8
8,Brand: boAt,boAt Bassheads 242 in Ear Wired Earphones with Mic(Active Black),499,7 Days Replacement,"Friday, May 27",In stock.,https://www.amazon.in/Boat-Bassheads-242-Earphones-Resistance/dp/B07S9S86BF/ref=sr_1_9?keywords=earphones&qid=1653389827&sr=8-9
9,Visit the ZEBRONICS Store,"Zebronics Zeb-Bro in Ear Wired Earphones with Mic, 3.5mm Audio Jack, 10mm Drivers, Phone/Tablet Compatible",-,7 Days Replacement,"Friday, May 27",In stock.,https://www.amazon.in/Zebronics-Zeb-Bro-Wired-Earphone/dp/B07T5DKR5D/ref=sr_1_10?keywords=earphones&qid=1653389827&sr=8-10
10,Visit the boAt Store,"Boat Rockerz 245V2 Bluetooth Wireless in Ear Earphones with Upto 8 Hours Playback, 12Mm Drivers, Ipx5, Magnetic Eartips, Integrated Controls and Lightweight Design with Mic (Navy Blue)",999,7 Days Replacement,"Friday, May 27",In stock.,https://www.amazon.in/boAt-Rockerz-245v2-Bluetooth-Resistance/dp/B097DTJRWZ/ref=sr_1_11_sspa?keywords=earphones&qid=1653389827&sr=8-11-spons&psc=1&spLa=ZW5jcnlwdGVkUXVhbGlmaWVyPUEyTFpZVjRYMFk0U04xJmVuY3J5cHRlZElkPUEwNDY2MDU0MlRIMFdJWFJEMVo3RiZlbmNyeXB0ZWRBZElkPUEwNzkwNDIyM1UwRVJES1IzSTZVVCZ3aWRnZXROYW1lPXNwX210ZiZhY3Rpb249Y2xpY2tSZWRpcmVjdCZkb05vdExvZ0NsaWNrPXRydWU=
11,Visit the boAt Store,"Boat Airdopes 121V2 Bluetooth Truly Wireless in Ear Earbuds with Upto 14 Hours Playback, Lightweight Earbuds, 8Mm Drivers, Led Indicators and Multifunction Controls with Mic (Active Black)","1,299",7 Days Replacement,"Friday, May 27",In stock.,https://www.amazon.in/Airdopes-121v2-Bluetooth-Immersive-Assistant/dp/B08JQN8DGZ/ref=sr_1_12_sspa?keywords=earphones&qid=1653389827&sr=8-12-spons&psc=1&spLa=ZW5jcnlwdGVkUXVhbGlmaWVyPUEyTFpZVjRYMFk0U04xJmVuY3J5cHRlZElkPUEwNDY2MDU0MlRIMFdJWFJEMVo3RiZlbmNyeXB0ZWRBZElkPUEwMzcxMTg0MjNJUjFXS1VUTUpKWiZ3aWRnZXROYW1lPXNwX210ZiZhY3Rpb249Y2xpY2tSZWRpcmVjdCZkb05vdExvZ0NsaWNrPXRydWU=
12,Visit the boAt Store,boAt Bassheads 162 in Ear Wired Earphones with Mic(Jazzy Blue),449,7 Days Replacement,"Friday, May 27",In stock.,https://www.amazon.in/BassHeads-162-Secure-Braided-Earphones/dp/B07KXNS51J/ref=sr_1_13?keywords=earphones&qid=1653389827&sr=8-13
13,Visit the PTron Store,"pTron Pride Lite HBE (High Bass Earphones) in-Ear Wired Headphones with in-line Mic, 10mm Powerful Driver for Stereo Audio, Noise Cancelling Headset with 1.2m Tangle-Free Cable & 3.5mm Aux - (Black)",-,7 Days Replacement,"Friday, May 27",In stock.,https://www.amazon.in/Pride-Lite-Headphones-Cancelling-Tangle-Free/dp/B08SF85H45/ref=sr_1_14?keywords=earphones&qid=1653389827&sr=8-14
14,Visit the boAt Store,boAt Bassheads 100 in Ear Wired Earphones with Mic(Taffy Pink),379,7 Days Replacement,"Friday, May 27",In stock.,https://www.amazon.in/Boat-BassHeads-100-Inspired-Earphones/dp/B07GPXXNNG/ref=sr_1_15?keywords=earphones&qid=1653389827&sr=8-15
15,Visit the JBL Store,JBL C50HI Wired in Ear Earphones with Mic (Blue),499,7 Days Replacement,"Friday, May 27",In stock.,https://www.amazon.in/JBL-C50HI-Ear-Headphones-Blue/dp/B07JQKR35P/ref=sr_1_16?keywords=earphones&qid=1653389827&sr=8-16
16,Visit the Ambrane Store,"Ambrane Stringz 38 Wired Earphones with Mic, Powerful HD Sound with High Bass, Tangle Free Cable, Comfort in-Ear Fit, 3.5mm Jack (Pink), Normal",-,7 Days Replacement,"Friday, May 27",In stock.,https://www.amazon.in/Ambrane-Stringz-Earphones-Powerful-Comfort/dp/B09CQ66TG7/ref=sr_1_17?keywords=earphones&qid=1653389827&sr=8-17
17,Brand: boAt,boAt Bassheads 105 Wired in Ear Earphones with Mic (White),449,7 Days Replacement,"Friday, May 27",In stock.,https://www.amazon.in/Bassheads-105-Wired-Headset-White/dp/B08YYRDCDV/ref=sr_1_18?keywords=earphones&qid=1653389827&sr=8-18
18,Brand: boAt,"Boat Rockerz 245V2 Integrated Controls and Lightweight Design Bluetooth Wireless in Ear Earphones with Mic and Upto 8 Hours Playback, 12Mm Drivers, Ipx5, Magnetic Eartips (Active Black)",999,7 Days Replacement,"Friday, May 27",In stock.,https://www.amazon.in/Rockerz-Bluetooth-Immersive-Resistance-Assistant/dp/B07TXVLB1G/ref=sr_1_19?keywords=earphones&qid=1653389827&sr=8-19
19,Visit the boAt Store,boAt Bassheads 102 in Ear Wired Earphones with Mic(Charcoal Black),399,7 Days Replacement,"Saturday, May 28",In stock.,https://www.amazon.in/BassHeads-102-Earphones-Multi-Function-Microphone/dp/B07S8PSW59/ref=sr_1_20?keywords=earphones&qid=1653389827&sr=8-20
20,Visit the boAt Store,boAt Bassheads 225 in Ear Wired Earphones with Mic(Black),699,7 Days Replacement,"Friday, May 27",In stock.,https://www.amazon.in/BassHeads-225-Super-Extra-Headphones/dp/B01M9C51T9/ref=sr_1_21_sspa?keywords=earphones&qid=1653389827&sr=8-21-spons&psc=1&spLa=ZW5jcnlwdGVkUXVhbGlmaWVyPUEyTFpZVjRYMFk0U04xJmVuY3J5cHRlZElkPUEwNDY2MDU0MlRIMFdJWFJEMVo3RiZlbmNyeXB0ZWRBZElkPUEwODUzMTEzMUtRT0ZFT0xJSElFVyZ3aWRnZXROYW1lPXNwX2J0ZiZhY3Rpb249Y2xpY2tSZWRpcmVjdCZkb05vdExvZ0NsaWNrPXRydWU=
21,Brand: boAt,"Boat Rockerz 330 with ASAP Charge, Enhanced Bass, Metal Control Board, Ipx5, Type C Port Voice Assistant Bluetooth Wireless in Ear Earphones with Mic (Active Black)","1,499",7 Days Replacement,"Friday, May 27",In stock.,https://www.amazon.in/boAt-Rockerz-330-Bluetooth-Assistant/dp/B092X94QNQ/ref=sr_1_22_sspa?keywords=earphones&qid=1653389827&sr=8-22-spons&spLa=ZW5jcnlwdGVkUXVhbGlmaWVyPUEyTFpZVjRYMFk0U04xJmVuY3J5cHRlZElkPUEwNDY2MDU0MlRIMFdJWFJEMVo3RiZlbmNyeXB0ZWRBZElkPUEwNjkyOTc1RlJKWUg2UE8yRDM4JndpZGdldE5hbWU9c3BfYnRmJmFjdGlvbj1jbGlja1JlZGlyZWN0JmRvTm90TG9nQ2xpY2s9dHJ1ZQ&th=1
22,Visit the boAt Store,"Boat Rockerz 255 Pro+ V5.0 Bluetooth Wireless in Ear Earphones with Upto 40 Hours Playback, ASAP Charge, Ipx7, Dual Pairing with Mic (Navy Blue)","1,399",7 Days Replacement,"Friday, May 27",In stock.,https://www.amazon.in/boAt-Rockerz-255-Pro-Earphones/dp/B08TTXNZ4Y/ref=sr_1_17_sspa?keywords=earphones&qid=1653389846&sr=8-17-spons&psc=1&spLa=ZW5jcnlwdGVkUXVhbGlmaWVyPUEyWElTWUdDUDFZOVNPJmVuY3J5cHRlZElkPUEwOTMxNTc2M0pPUVkzVklVMktIMyZlbmNyeXB0ZWRBZElkPUEwMjYwMjYyVkc0MTZQRzBIMElCJndpZGdldE5hbWU9c3BfYXRmX25leHQmYWN0aW9uPWNsaWNrUmVkaXJlY3QmZG9Ob3RMb2dDbGljaz10cnVl
23,Visit the PTron Store,"pTron Tangent Urban ENC Wireless Bluetooth 5.3 Headphones with 60Hrs Playtime, Low Latency Gaming, Punchy Bass, HD Mic, Dual Device Pairing, Type-C Charging, IPX4 & Voice Assistance Support (Black)",-,7 Days Replacement,"Friday, May 27",In stock.,https://www.amazon.in/Wireless-Bluetooth-Headphones-Playtime-Assistance/dp/B09XBBNTR2/ref=sr_1_18_sspa?keywords=earphones&qid=1653389846&sr=8-18-spons&psc=1&spLa=ZW5jcnlwdGVkUXVhbGlmaWVyPUEyWElTWUdDUDFZOVNPJmVuY3J5cHRlZElkPUEwOTMxNTc2M0pPUVkzVklVMktIMyZlbmNyeXB0ZWRBZElkPUEwODg0NjUyMjU1Q0dQNE0xSVo4TCZ3aWRnZXROYW1lPXNwX2F0Zl9uZXh0JmFjdGlvbj1jbGlja1JlZGlyZWN0JmRvTm90TG9nQ2xpY2s9dHJ1ZQ==
24,Visit the boAt Store,boAt Bassheads 102 in Ear Wired Earphones with Mic(Jazzy Blue),399,7 Days Replacement,"Friday, May 27",In stock.,https://www.amazon.in/BassHeads-102-Earphones-Multi-Function-Microphone/dp/B07S6NT9V7/ref=sr_1_19?keywords=earphones&qid=1653389846&sr=8-19
25,Brand: realme,realme Buds Classic Wired in Ear Earphones with Mic (Black),399,7 Days Replacement,"Friday, May 27",In stock.,https://www.amazon.in/realme-Classic-Wired-Earphones-Microphone/dp/B08G28Z33M/ref=sr_1_20?keywords=earphones&qid=1653389846&sr=8-20
26,Visit the JBL Store,JBL C50HI Wired in Ear Earphones with Mic (Black),449,7 Days Replacement,"Friday, May 27",In stock.,https://www.amazon.in/JBL-C50HI-Ear-Headphones-Black/dp/B07JQKQ91F/ref=sr_1_21?keywords=earphones&qid=1653389846&sr=8-21
27,Visit the JBL Store,"JBL Endurance Run, Sports in Ear Wired Earphones with Mic, Sweatproof, Flexsoft eartips, Magnetic Earbuds, Fliphook & TwistLock Technology with Voice Assistant Support for Mobiles (Black)",899,7 Days Replacement,"Friday, May 27",In stock.,https://www.amazon.in/JBL-Sweat-Proof-Headphones-One-Button-Microphone/dp/B07CFDXLFC/ref=sr_1_17?keywords=earphones&qid=1653389846&sr=8-17
28,Visit the boAt Store,boAt Bassheads 225 in Ear Wired Earphones with Mic(Black),699,7 Days Replacement,"Friday, May 27",In stock.,https://www.amazon.in/BassHeads-225-Super-Extra-Headphones/dp/B01M9C51T9/ref=sr_1_18?keywords=earphones&qid=1653389846&sr=8-18
29,Visit the Philips Audio Store,Philips Audio SHE1505 Wired in Ear Earphones with Mic (Black),299,7 Days Replacement,May 26 - 31,,https://www.amazon.in/Philips-SHE1505BK-94-Upbeat-Earphones/dp/B07MZQ5F8S/ref=sr_1_19?keywords=earphones&qid=1653389846&sr=8-19
30,Visit the boAt Store,"Boat Airdopes 121V2 Bluetooth Truly Wireless in Ear Earbuds with Upto 14 Hours Playback, Lightweight Earbuds, 8Mm Drivers, Led Indicators and Multifunction Controls with Mic (Active Black)","1,299",7 Days Replacement,"Friday, May 27",In stock.,https://www.amazon.in/Airdopes-121v2-Bluetooth-Immersive-Assistant/dp/B08JQN8DGZ/ref=sr_1_20?keywords=earphones&qid=1653389846&sr=8-20
31,Brand: Boult Audio,Boult Audio BassBuds X1 in-Ear Wired Earphones with 10mm Extra Bass Driver and HD Sound with mic(Red),-,7 Days Replacement,"Friday, May 27",,https://www.amazon.in/Boult-Audio-BassBuds-X1-Earphones/dp/B07TFW1KML/ref=sr_1_21?keywords=earphones&qid=1653389846&smid=A14CZOWI0VEHLG&sr=8-21
32,Brand: Boult Audio,Boult Audio BassBuds Oak in-Ear Wired Earphones with 10mm Extra Bass Driver and HD Sound with mic(Brown),-,7 Days Replacement,"Friday, May 27",,https://www.amazon.in/Boult-Audio-BassBuds-Oak-Earphones/dp/B091JF2TFD/ref=sr_1_22_sspa?keywords=earphones&qid=1653389846&smid=A14CZOWI0VEHLG&sr=8-22-spons&psc=1&spLa=ZW5jcnlwdGVkUXVhbGlmaWVyPUEyWElTWUdDUDFZOVNPJmVuY3J5cHRlZElkPUEwOTMxNTc2M0pPUVkzVklVMktIMyZlbmNyeXB0ZWRBZElkPUEwMTE3MDg4Mk9JOUk0UUVYN1FKUyZ3aWRnZXROYW1lPXNwX210ZiZhY3Rpb249Y2xpY2tSZWRpcmVjdCZkb05vdExvZ0NsaWNrPXRydWU=
33,Brand: boAt,boAt Bassheads 242 in Ear Wired Earphones with Mic(Active Black),499,7 Days Replacement,"Friday, May 27",In stock.,https://www.amazon.in/Boat-Bassheads-242-Earphones-Resistance/dp/B07S9S86BF/ref=sr_1_23_sspa?keywords=earphones&qid=1653389846&sr=8-23-spons&psc=1&spLa=ZW5jcnlwdGVkUXVhbGlmaWVyPUEyWElTWUdDUDFZOVNPJmVuY3J5cHRlZElkPUEwOTMxNTc2M0pPUVkzVklVMktIMyZlbmNyeXB0ZWRBZElkPUEwMTI4NTY4Mk5WMDFKTUo4WEFBRyZ3aWRnZXROYW1lPXNwX210ZiZhY3Rpb249Y2xpY2tSZWRpcmVjdCZkb05vdExvZ0NsaWNrPXRydWU=
34,Visit the boAt Store,"Boat Airdopes 141 42H Playtime, Beast Mode Enx Tech, ASAP Charge, Iwp, Ipx4 Water Resistance, Smooth Touch Controls Bluetooth Truly Wireless in Ear Earbuds with Mic (Bold Black)","1,499",7 Days Replacement,"Friday, May 27",In stock.,https://www.amazon.in/Airdopes-141-Playtime-Resistance-Bluetooth/dp/B09N3ZNHTY/ref=sr_1_24?keywords=earphones&qid=1653389846&sr=8-24
35,Visit the Blaupunkt Store,Blaupunkt EM01 in-Ear Wired Earphone with Mic and Deep Bass HD Sound Mobile Headset with Noise Isolation and with customised Extra Ear gels,299,7 Days Replacement,"Friday, May 27",In stock.,https://www.amazon.in/Blaupunkt-EM01-Wired-Headset-Black/dp/B07MFKYK9M/ref=sr_1_25?keywords=earphones&qid=1653389846&sr=8-25
36,Visit the boAt Store,"Boat Rockerz 245V2 Bluetooth Wireless in Ear Earphones with Upto 8 Hours Playback, 12Mm Drivers, Ipx5, Magnetic Eartips, Integrated Controls and Lightweight Design with Mic (Navy Blue)",999,7 Days Replacement,"Friday, May 27",In stock.,https://www.amazon.in/boAt-Rockerz-245v2-Bluetooth-Resistance/dp/B097DTJRWZ/ref=sr_1_26?keywords=earphones&qid=1653389846&sr=8-26
37,Visit the PTron Store,"pTron Bassfest Plus Magnetic in Ear Bluetooth 5.0 Wireless Headphones with Mic, Stereo Sound with Bass, IPX4 Water & Sweat Resistant, Voice Assistance, Ergonomic & Lightweight- (Black & Blue)",-,7 Days Replacement,"Friday, May 27",In stock.,https://www.amazon.in/Bassfest-Plus-Headphones-Assistance-Lightweight/dp/B08HHLJ5FJ/ref=sr_1_27?keywords=earphones&qid=1653389846&sr=8-27
38,Visit the PTron Store,"pTron Boom Ultima 4D Dual Driver, In Ear Gaming Wired Headphones with Mic, Volume Control & Passive Noise Cancelling Boom 3 Earphones - (Dark Blue)",-,7 Days Replacement,"Friday, May 27",In stock.,https://www.amazon.in/Boom-Ultima-Headphones-Cancelling-Earphones/dp/B08D75R3Z1/ref=sr_1_28?keywords=earphones&qid=1653389846&sr=8-28
39,Visit the PTron Store,"PTron Boom Ultima V2 Dual Driver, in-Ear Gaming Wired Headphones with in-line Mic, Volume Control, Passive Noise Cancelling Boom 3 Earphones with 3.5mm Audio Jack & 1.2M Tangle-Free Cable (Black)",-,7 Days Replacement,"Friday, May 27",In stock.,https://www.amazon.in/PTron-Boom-Ultima-V2-Tangle-free/dp/B08NKWXMGM/ref=sr_1_29?keywords=earphones&qid=1653389846&sr=8-29
40,Visit the OnePlus Store,"Oneplus Bullets Wireless Z Bass Edition Bluetooth in Ear Earphones with mic, Launched in October 2020 (Reverb Red)",-,-,-,-,https://www.amazon.in/OnePlus-Bullets-Wireless-Bass-Reverb/dp/B08HLTFB33/ref=sr_1_30?keywords=earphones&qid=1653389846&sr=8-30
41,Brand: BLAXSTOC,"BLAXSTOC Magnetic Wireless Bluetooth Headphones, Headset with Mic and Sound Button Earphone for Vivo,Oppo,Nokia,Samsung,REALME and Mi Note 5/6/7 Pro, 6A, Y2, A2, A1, Y3 All Smartphones",129,-,"Monday, May 30",In stock.,https://www.amazon.in/BLAXSTOC-Magnetic-Bluetooth-Headphones-Smartphones/dp/B09ZV89T57/ref=sr_1_31?keywords=earphones&qid=1653389846&sr=8-31
42,Visit the Wecool Store,"Wecool Sports in Ear Earphones, Anti Fall Wired Earphones Designed for Running, Exercise, Jogging, Earphones with Mic and Volume Controller, Hi Fi Stereo Sound Experience, Black",-,7 Days Replacement,"Friday, May 27",In stock.,https://www.amazon.in/Wecool-Earphones-Designed-Controller-Experience/dp/B09RQS55V1/ref=sr_1_32_sspa?keywords=earphones&qid=1653389846&sr=8-32-spons&psc=1&spLa=ZW5jcnlwdGVkUXVhbGlmaWVyPUEyWElTWUdDUDFZOVNPJmVuY3J5cHRlZElkPUEwOTMxNTc2M0pPUVkzVklVMktIMyZlbmNyeXB0ZWRBZElkPUEwNTc5Mjg5MTE3QVNUWUZGVkxTTCZ3aWRnZXROYW1lPXNwX2J0ZiZhY3Rpb249Y2xpY2tSZWRpcmVjdCZkb05vdExvZ0NsaWNrPXRydWU=
43,Brand: Boult Audio,Boult Audio BassBuds Storm-X in-Ear Wired Earphones with Mic and Full Metal Body for Extra Bass & HD Sound (Grey),299,7 Days Replacement,"Friday, May 27",In stock.,https://www.amazon.in/Boult-Audio-BassBuds-Earphones-Cancellation/dp/B088YDXJV1/ref=sr_1_33_sspa?keywords=earphones&qid=1653389846&sr=8-33-spons&spLa=ZW5jcnlwdGVkUXVhbGlmaWVyPUEyWElTWUdDUDFZOVNPJmVuY3J5cHRlZElkPUEwOTMxNTc2M0pPUVkzVklVMktIMyZlbmNyeXB0ZWRBZElkPUEwNjk4MjI4MUFUOFdBU0UxN1FMQyZ3aWRnZXROYW1lPXNwX2J0ZiZhY3Rpb249Y2xpY2tSZWRpcmVjdCZkb05vdExvZ0NsaWNrPXRydWU&th=1
44,Visit the Ambrane Store,"Ambrane Stringz 38 Wired Earphones with Mic, Powerful HD Sound with High Bass, Tangle Free Cable, Comfort in-Ear Fit, 3.5mm Jack (Space Grey)",-,7 Days Replacement,"Sunday, May 29",-,https://www.amazon.in/Ambrane-Stringz-38-Earphones-Powerful/dp/B09R218JWL/ref=sr_1_33_sspa?keywords=earphones&qid=1653389855&sr=8-33-spons&psc=1&spLa=ZW5jcnlwdGVkUXVhbGlmaWVyPUEyS1JWSE1ENUdOREU4JmVuY3J5cHRlZElkPUEwMDgxMDg1MlVRSzlUVUdZMFIzWiZlbmNyeXB0ZWRBZElkPUEwMjQ2ODQ2MkVPMDBKWE9JRVdaMCZ3aWRnZXROYW1lPXNwX2F0Zl9uZXh0JmFjdGlvbj1jbGlja1JlZGlyZWN0JmRvTm90TG9nQ2xpY2s9dHJ1ZQ==
45,Visit the Ambrane Store,"Ambrane Wired Earphones with in-line Mic for Clear Calling, 12mm Dynamic Drivers for BoostedBassâ„¢, 3.5mm Jack, Multi-Functional Controller (Stringz 74, Green)",-,7 Days Replacement,"Friday, May 27",In stock.,https://www.amazon.in/Ambrane-BoostedBassTM-Multi-Functional-Controller-Stringz/dp/B09QGPRXST/ref=sr_1_34_sspa?keywords=earphones&qid=1653389855&sr=8-34-spons&psc=1&spLa=ZW5jcnlwdGVkUXVhbGlmaWVyPUEyS1JWSE1ENUdOREU4JmVuY3J5cHRlZElkPUEwMDgxMDg1MlVRSzlUVUdZMFIzWiZlbmNyeXB0ZWRBZElkPUEwMzIzNDY1M1NYOFVTWEhHUE1GVyZ3aWRnZXROYW1lPXNwX2F0Zl9uZXh0JmFjdGlvbj1jbGlja1JlZGlyZWN0JmRvTm90TG9nQ2xpY2s9dHJ1ZQ==
46,Visit the Ambrane Store,"Ambrane Stringz 38 Wired Earphones with Mic, Powerful HD Sound with High Bass, Tangle Free Cable, Comfort in-Ear Fit, 3.5mm Jack (Black), Normal",-,7 Days Replacement,"Friday, May 27",In stock.,https://www.amazon.in/Ambrane-Stringz-Earphones-Powerful-Comfort/dp/B08V4RSVVW/ref=sr_1_35?keywords=earphones&qid=1653389855&sr=8-35
47,Visit the boAt Store,boAt Bassheads 242 in Ear Wired Earphones with Mic(Neon Green),499,7 Days Replacement,"Saturday, May 28",In stock.,https://www.amazon.in/Bassheads-242-Wired-Earphones-Green/dp/B08GG6GQ5B/ref=sr_1_36?keywords=earphones&qid=1653389855&sr=8-36
48,Brand: Boult Audio,"Boult Audio Bassbuds Loop Wired in Ear Earphones with Mic, Customizable Ear Loop & 12Mm Powerful Driver for Extra Bass (Black)",349,7 Days Replacement,"Thursday, June 2",In stock.,https://www.amazon.in/Boult-Audio-Earphones-Cancellation-Customizable/dp/B07MK2GHTT/ref=sr_1_37?keywords=earphones&qid=1653389855&sr=8-37
49,Visit the ZEBRONICS Store,"ZEBRONICS Zeb-Buds 30 3.5mm Stereo Earphone with Inline Microphone for Calling, Volume Control, Multifunction Button, 14mm Drivers, Stylish eartip,1.2 Meter Durable Cable and Lightweight Design(Blue)",-,7 Days Replacement,May 28 - June 3,-,https://www.amazon.in/ZEBRONICS-Zeb-Buds-30-Multifunction-Lightweight/dp/B09SGGN3VY/ref=sr_1_33?keywords=earphones&qid=1653389855&sr=8-33
50,Visit the boAt Store,"boAt Rockerz 330 Pro Bluetooth Wireless In Ear Earphones With Mic, Neckband with 60HRS Playtime, ASAP Charge, ENx Tech, Bluetooth v5.2, Dual Pairing, IPX5, Magnetic Earbuds, 10mm Drivers(Active Black)","1,599",7 Days Replacement,May 29 - June 2,-,https://www.amazon.in/boAt-Rockerz-330-Pro-Bluetooth/dp/B09LHXTXMX/ref=sr_1_34?keywords=earphones&qid=1653389855&sr=8-34
51,Brand: Boult Audio,"Boult Audio Bassbuds Loop Wired in Ear Earphones with Mic, Customizable Ear Loop and 12Mm Powerful Driver for Extra Bass (Red)",349,7 Days Replacement,"Friday, May 27",In stock.,https://www.amazon.in/Boult-Audio-Earphones-Cancellation-Customizable/dp/B07MK2H78R/ref=sr_1_35?keywords=earphones&qid=1653389855&sr=8-35
52,Visit the PTron Store,"pTron Tangentbeat Bluetooth 5.0 Wireless Headphones with Deep Bass, Ergonomic Design, IPX4 Sweat/Waterproof Neckband, Magnetic Earbuds, Voice Assistant, Passive Noise Cancelation & Mic (Black)",-,7 Days Replacement,"Friday, May 27",In stock.,https://www.amazon.in/Tangentbeat-Bluetooth-Headphones-Waterproof-Cancelation/dp/B08D77XZX5/ref=sr_1_36?keywords=earphones&qid=1653389855&sr=8-36
53,Visit the OnePlus Store,"Oneplus Bullets Wireless Z Bass Edition Bluetooth in Ear Earphones with mic, Launched in April 2021 (Black)","1,999",7 Days Replacement,"Friday, May 27",In stock.,https://www.amazon.in/OnePlus-Bullets-Wireless-Bass-Black/dp/B092ZJVB6Z/ref=sr_1_37?keywords=earphones&qid=1653389855&sr=8-37
54,Visit the Boult Audio Store,"Boult Audio Zcharge Bluetooth Wireless in Ear Earphones with Mic, 40H Playtime and Super Fast Charging, Environmental Noise Cancellation for Pro+ Calling and Ipx5 Water Resistant (Black)",-,7 Days Replacement,"Friday, May 27",,https://www.amazon.in/Boult-Audio-Bluetooth-Environmental-Cancellation/dp/B09NR6G588/ref=sr_1_38_sspa?keywords=earphones&qid=1653389855&smid=A14CZOWI0VEHLG&sr=8-38-spons&psc=1&spLa=ZW5jcnlwdGVkUXVhbGlmaWVyPUEyS1JWSE1ENUdOREU4JmVuY3J5cHRlZElkPUEwMDgxMDg1MlVRSzlUVUdZMFIzWiZlbmNyeXB0ZWRBZElkPUEwNDU5OTI3MTVPNzJGU0wwMUlHWCZ3aWRnZXROYW1lPXNwX210ZiZhY3Rpb249Y2xpY2tSZWRpcmVjdCZkb05vdExvZ0NsaWNrPXRydWU=
55,Brand: Boult Audio,"Boult Audio AirBass PowerBuds TWS Earbuds with 120 Hours Total Playtime, Inbuilt Powerbank, Type-C Fast Charging and IPX7 Fully Waterproof (Black)",-,7 Days Replacement,"Friday, May 27",,https://www.amazon.in/Boult-Audio-PowerBuds-Wireless-Waterproof/dp/B08D11DZ2W/ref=sr_1_39_sspa?keywords=earphones&qid=1653389855&smid=A14CZOWI0VEHLG&sr=8-39-spons&psc=1&spLa=ZW5jcnlwdGVkUXVhbGlmaWVyPUEyS1JWSE1ENUdOREU4JmVuY3J5cHRlZElkPUEwMDgxMDg1MlVRSzlUVUdZMFIzWiZlbmNyeXB0ZWRBZElkPUEwMDgyMTQ3M0Y5UFBHSklDT1lQSSZ3aWRnZXROYW1lPXNwX210ZiZhY3Rpb249Y2xpY2tSZWRpcmVjdCZkb05vdExvZ0NsaWNrPXRydWU=
56,Brand: realme,realme Buds 2 Neo Wired in Ear Earphones with Mic (Black),-,-,-,-,https://www.amazon.in/realme-Buds-Wired-Earphones-Black/dp/B097KM3Z16/ref=sr_1_40?keywords=earphones&qid=1653389855&sr=8-40
57,Visit the boAt Store,"Boat Rockerz 255 Pro+ Upto 40 Hours Playback, ASAP Charge, Ipx7, Dual Pairing and V5.0 Bluetooth Wireless in Ear Earphones with Mic (Active Black)","1,305",7 Days Replacement,"Friday, May 27",In stock.,https://www.amazon.in/boAt-Rockerz-255-Pro-Earphones/dp/B08TV2P1N8/ref=sr_1_41?keywords=earphones&qid=1653389855&sr=8-41
58,Visit the OnePlus Store,"Oneplus Bullets Z2 Bluetooth Wireless in Ear Earphones with Mic, Bombastic Bass - 12.4 Mm Drivers, 10 Mins Charge - 20 Hrs Music, 30 Hrs Battery Life, Launched in April 2022 (Magico Black)","1,999",7 Days Replacement,"Friday, May 27",In stock.,https://www.amazon.in/Oneplus-Bluetooth-Wireless-Earphones-Bombastic/dp/B09TVVGXWS/ref=sr_1_42?keywords=earphones&qid=1653389855&sr=8-42
59,Visit the Portronics Store,"Portronics Conch 120 in Ear Type C Wired Earphone with Mic, 1.2M Tangle Resistant Cable(Red)",579,-,"Monday, May 30",In stock.,https://www.amazon.in/Portronics-Conch-Earphone-Tangle-Resistant/dp/B09SHTJ7MF/ref=sr_1_43?keywords=earphones&qid=1653389855&sr=8-43
60,Brand: Oppo,"OPPO Enco M32 Bluetooth Wireless in Ear Earbuds with Mic,10 Mins Charge - 20Hrs Music Fast Charge, 28Hrs Battery Life,10mm Driver, IP55 Dust & Water Resistant (Black)","1,799",7 Days Replacement,"Friday, May 27",In stock.,https://www.amazon.in/OPPO-Bluetooth-Wireless-Earbuds-Charge/dp/B09NMPRX6Y/ref=sr_1_44?keywords=earphones&qid=1653389855&sr=8-44
61,Visit the Samsung Store,"Samsung Original EHS64 Wired in Ear Earphones with Mic, Black",429,7 Days Replacement,"Friday, May 27",In stock.,https://www.amazon.in/Samsung-Original-EHS64AVFBECINU-Hands-Free-Remote/dp/B01F262EUU/ref=sr_1_45?keywords=earphones&qid=1653389855&sr=8-45
62,Brand: realme,realme Buds 2 Wired in Ear Earphones with Mic (Green),599,7 Days Replacement,"Friday, May 27",In stock.,https://www.amazon.in/Realme-Buds-Android-Smartphones-Green/dp/B08225158Y/ref=sr_1_46?keywords=earphones&qid=1653389855&sr=8-46
63,Visit the boAt Store,boAt Bassheads 100 in Ear Wired Earphones with Mic(White),349,7 Days Replacement,"Friday, May 27",In stock.,https://www.amazon.in/boAt-BassHeads-100-Headphones-White/dp/B07234XXJF/ref=sr_1_47?keywords=earphones&qid=1653389855&sr=8-47
64,Visit the PTron Store,"PTron Boom Ultima V2 Dual Driver, in-Ear Gaming Wired Headphones with in-line Mic, Volume Control, Passive Noise Cancelling Boom 3 Earphones with 3.5mm Audio Jack & 1.2M Tangle-Free Cable (Black)",-,7 Days Replacement,"Friday, May 27",In stock.,https://www.amazon.in/PTron-Boom-Ultima-V2-Tangle-free/dp/B08NKWXMGM/ref=sr_1_48_sspa?keywords=earphones&qid=1653389855&sr=8-48-spons&psc=1&spLa=ZW5jcnlwdGVkUXVhbGlmaWVyPUEyS1JWSE1ENUdOREU4JmVuY3J5cHRlZElkPUEwMDgxMDg1MlVRSzlUVUdZMFIzWiZlbmNyeXB0ZWRBZElkPUEwMDIwMTg2RUJQVUxBQjFIVEk2JndpZGdldE5hbWU9c3BfYnRmJmFjdGlvbj1jbGlja1JlZGlyZWN0JmRvTm90TG9nQ2xpY2s9dHJ1ZQ==
65,Visit the tunez Store,"tunez Dhwani D20 in Ear Wired Earphone with Boom Bass, in Built mic,10mm Dynamic Drivers with Passive Noise Isolation and 3.5mm Jack(White)",387,7 Days Replacement,"Friday, May 27",In stock.,https://www.amazon.in/tunez-D20-Earphone-Dynamic-Isolation/dp/B09KGVF8S3/ref=sr_1_49_sspa?keywords=earphones&qid=1653389855&sr=8-49-spons&psc=1&spLa=ZW5jcnlwdGVkUXVhbGlmaWVyPUEyS1JWSE1ENUdOREU4JmVuY3J5cHRlZElkPUEwMDgxMDg1MlVRSzlUVUdZMFIzWiZlbmNyeXB0ZWRBZElkPUEwMjM3MTM0MTE3VzZKVURCTk1GMCZ3aWRnZXROYW1lPXNwX2J0ZiZhY3Rpb249Y2xpY2tSZWRpcmVjdCZkb05vdExvZ0NsaWNrPXRydWU=
